{
  "prompt_v1_scores": {
    "faithfulness": 0.955848484848485,
    "answer_relevancy": 0.9106622987345859,
    "context_recall": 1.0,
    "context_precision": 0.9416666665937501
  },
  "prompt_v2_scores": {
    "faithfulness": 0.8787893217893218,
    "answer_relevancy": 0.8864356296871345,
    "context_recall": 1.0,
    "context_precision": 0.94833333325975
  },
  "target_met": true
}